<?xml version="1.0" ?>
<LOG_ROOT>
	<PROJECT NAME="DE2_70">
		<CBX_INST_ENTRY INSTANCE_NAME="|DE2_70|Motion_Detection:comb_165|Tap_1:u98|altshift_taps:altshift_taps_component" CBX_FILE_NAME="shift_taps_vin.tdf"/>
		<CBX_INST_ENTRY INSTANCE_NAME="|DE2_70|Sdram_Control_4Port:sdram0|Sdram_FIFO:read_fifo2|dcfifo:dcfifo_component" CBX_FILE_NAME="dcfifo_m2o1.tdf"/>
		<CBX_INST_ENTRY INSTANCE_NAME="|DE2_70|Sdram_Control_4Port:sdram0|Sdram_FIFO:write_fifo1|dcfifo:dcfifo_component" CBX_FILE_NAME="dcfifo_m2o1.tdf"/>
		<CBX_INST_ENTRY INSTANCE_NAME="|DE2_70|Motion_Detection:comb_165|Tap_1:u97|altshift_taps:altshift_taps_component" CBX_FILE_NAME="shift_taps_vin.tdf"/>
		<CBX_INST_ENTRY INSTANCE_NAME="|DE2_70|Motion_Detection:comb_165|Tap_1:u99|altshift_taps:altshift_taps_component" CBX_FILE_NAME="shift_taps_vin.tdf"/>
		<CBX_INST_ENTRY INSTANCE_NAME="|DE2_70|RAW2RGB:rgb0|Line_Buffer:L1|altshift_taps:altshift_taps_component" CBX_FILE_NAME="shift_taps_0jn.tdf"/>
		<CBX_INST_ENTRY INSTANCE_NAME="|DE2_70|Sdram_Control_4Port:sdram0|Sdram_FIFO:read_fifo1|dcfifo:dcfifo_component" CBX_FILE_NAME="dcfifo_m2o1.tdf"/>
		<CBX_INST_ENTRY INSTANCE_NAME="|DE2_70|Sdram_Control_4Port:sdram0|Sdram_FIFO:write_fifo2|dcfifo:dcfifo_component" CBX_FILE_NAME="dcfifo_m2o1.tdf"/>
	</PROJECT>
</LOG_ROOT>
